{
  "loss": [
    12.824583053588867,
    4.224368572235107,
    3.022688865661621,
    2.3818135261535645,
    1.9727282524108887,
    1.7610435485839844,
    1.6042265892028809,
    1.4276044368743896,
    1.453731894493103,
    1.3372108936309814,
    1.360456109046936,
    1.287548303604126,
    1.1382967233657837,
    1.1991472244262695,
    1.1165030002593994,
    1.025587797164917,
    1.039117455482483,
    0.9545744061470032,
    0.948180615901947,
    0.9137935638427734
  ],
  "val_loss": [
    1.0781018733978271,
    2.000337600708008,
    1.0252807140350342,
    1.0269492864608765,
    1.1144951581954956,
    1.0948292016983032,
    1.0585198402404785,
    0.9783983826637268,
    0.9789113402366638,
    0.9872439503669739,
    1.029140591621399,
    1.0244808197021484,
    0.9473467469215393,
    0.9747586846351624,
    0.9982749223709106,
    0.9278327226638794,
    0.9111840724945068,
    0.9398430585861206,
    0.8405147194862366,
    0.8747686147689819
  ],
  "mae": [
    2.6712570190429688,
    1.6630498170852661,
    1.4024593830108643,
    1.2262016534805298,
    1.1105806827545166,
    1.0539599657058716,
    1.0336995124816895,
    0.9578431844711304,
    0.9736565351486206,
    0.9388365149497986,
    0.9291266798973083,
    0.9115586280822754,
    0.8547962307929993,
    0.8755377531051636,
    0.8406040072441101,
    0.8037139177322388,
    0.8050056099891663,
    0.7619060277938843,
    0.7545321583747864,
    0.7518083453178406
  ],
  "val_mae": [
    0.8536166548728943,
    1.1856638193130493,
    0.8480342030525208,
    0.7967818975448608,
    0.8071721196174622,
    0.7959904670715332,
    0.781286895275116,
    0.7678813338279724,
    0.7597711086273193,
    0.7578740119934082,
    0.7644166946411133,
    0.7593762278556824,
    0.7303004860877991,
    0.726404070854187,
    0.7276120781898499,
    0.7079639434814453,
    0.6962899565696716,
    0.694275438785553,
    0.6538124680519104,
    0.6527562737464905
  ]
}